"issue_key","created","resolutiondate","days_to_solve"
"MAHOUT-1020","2012-05-23","2012-06-03","11"
"MAHOUT-760","2011-07-13","2011-07-14","1"
"MAHOUT-1067","2012-09-12","2013-06-09","270"
"MAHOUT-485","2010-08-20","2010-08-22","2"
"MAHOUT-1147","2013-02-03","2013-06-11","128"
"MAHOUT-82","2008-10-14","2008-10-17","3"
"MAHOUT-1243","2013-06-06","2013-06-08","2"
"MAHOUT-296","2010-02-18","2010-02-18","0"
"MAHOUT-816","2011-09-21","2011-09-23","2"
"MAHOUT-784","2011-08-13","2012-02-09","180"
"MAHOUT-1015","2012-05-16","2012-05-16","0"
"MAHOUT-714","2011-05-29","2011-06-04","6"
"MAHOUT-1222","2013-05-20","2013-05-21","1"
"MAHOUT-1130","2012-12-20","2013-03-12","82"
"MAHOUT-532","2010-10-23","2010-10-25","2"
"MAHOUT-1532","2014-04-30","2014-05-18","18"
"MAHOUT-508","2010-09-21","2010-12-12","82"
"MAHOUT-556","2010-11-29","2011-01-17","49"
"MAHOUT-951","2012-01-19","2012-02-07","19"
"MAHOUT-23","2008-04-01","2008-04-18","17"
"MAHOUT-1638","2015-01-27","2015-04-03","66"
"MAHOUT-864","2011-11-02","2011-11-02","0"
"MAHOUT-97","2008-11-11","2008-11-12","1"
"MAHOUT-1678","2015-04-08","2015-04-08","0"
"MAHOUT-1063","2012-09-01","2012-09-01","0"
"MAHOUT-312","2010-02-28","2010-03-06","6"
"MAHOUT-1521","2014-04-21","2014-07-15","85"
"MAHOUT-27","2008-04-07","2008-04-07","0"
"MAHOUT-437","2010-07-11","2010-07-11","0"
"MAHOUT-1358","2013-11-18","2013-11-18","0"
"MAHOUT-524","2010-10-12","2012-01-04","449"
"MAHOUT-1333","2013-09-16","2013-09-17","1"
"MAHOUT-192","2009-10-29","2009-10-29","0"
"MAHOUT-1024","2012-06-03","2012-06-05","2"
"MAHOUT-534","2010-10-27","2010-10-27","0"
"MAHOUT-811","2011-09-14","2011-10-15","31"
"MAHOUT-1174","2013-03-25","2013-03-26","1"
"MAHOUT-98","2008-11-11","2008-11-12","1"
"MAHOUT-1378","2013-12-15","2013-12-15","0"
"MAHOUT-995","2012-03-28","2012-07-03","97"
"MAHOUT-379","2010-04-14","2010-09-22","161"
"MAHOUT-1575","2014-06-07","2014-06-07","0"
"MAHOUT-809","2011-09-14","2011-09-14","0"
"MAHOUT-1126","2012-12-10","2013-06-09","181"
"MAHOUT-677","2011-04-20","2011-04-20","0"
"MAHOUT-509","2010-09-22","2010-09-26","4"
"MAHOUT-1230","2013-05-27","2013-05-29","2"
"MAHOUT-492","2010-08-30","2010-08-30","0"
"MAHOUT-1101","2012-10-12","2012-10-12","0"
"MAHOUT-908","2011-12-02","2011-12-02","0"
"MAHOUT-834","2011-10-09","2012-05-07","211"
"MAHOUT-994","2012-03-21","2012-05-02","42"
"MAHOUT-543","2010-11-14","2010-11-15","1"
"MAHOUT-1285","2013-07-15","2013-11-29","137"
"MAHOUT-800","2011-09-02","2011-09-23","21"
"MAHOUT-1165","2013-03-15","2013-03-16","1"
"MAHOUT-895","2011-11-24","2011-11-28","4"
"MAHOUT-841","2011-10-14","2011-10-14","0"
"MAHOUT-1235","2013-06-01","2013-06-01","0"
"MAHOUT-1186","2013-04-05","2013-04-05","0"
"MAHOUT-1212","2013-05-13","2013-05-13","0"
"MAHOUT-700","2011-05-18","2011-06-04","17"
"MAHOUT-1612","2014-09-02","2015-03-29","208"
"MAHOUT-501","2010-09-13","2010-09-22","9"
"MAHOUT-1368","2013-12-02","2013-12-04","2"
"MAHOUT-351","2010-03-30","2010-03-30","0"
"MAHOUT-472","2010-08-13","2010-08-14","1"
"MAHOUT-1371","2013-12-05","2013-12-15","10"
"MAHOUT-1319","2013-08-26","2013-12-20","116"
"MAHOUT-1370","2013-12-04","2013-12-04","0"
"MAHOUT-186","2009-10-07","2009-10-19","12"
"MAHOUT-618","2011-03-07","2011-03-08","1"
"MAHOUT-1574","2014-06-07","2014-06-07","0"
"MAHOUT-1075","2012-09-24","2013-03-12","169"
"MAHOUT-1384","2013-12-20","2013-12-20","0"
"MAHOUT-427","2010-06-23","2010-09-24","93"
"MAHOUT-1396","2014-01-15","2014-01-15","0"
"MAHOUT-223","2009-12-15","2009-12-22","7"
"MAHOUT-1435","2014-03-08","2014-04-13","36"
"MAHOUT-197","2009-11-10","2009-12-07","27"
"MAHOUT-1060","2012-08-18","2013-06-01","287"
"MAHOUT-1084","2012-09-29","2013-06-08","252"
"MAHOUT-1305","2013-08-07","2014-02-03","180"
"MAHOUT-370","2010-04-07","2010-04-07","0"
"MAHOUT-580","2011-01-10","2011-01-11","1"
"MAHOUT-691","2011-05-09","2011-05-15","6"
"MAHOUT-937","2011-12-28","2011-12-29","1"
"MAHOUT-1225","2013-05-21","2013-06-01","11"
"MAHOUT-1401","2014-01-22","2014-01-22","0"
"MAHOUT-395","2010-05-15","2010-05-15","0"
"MAHOUT-449","2010-07-27","2010-09-24","59"
"MAHOUT-576","2011-01-05","2011-01-15","10"
"MAHOUT-610","2011-02-14","2011-03-22","36"
"MAHOUT-265","2010-01-20","2010-01-28","8"
"MAHOUT-649","2011-04-03","2011-04-04","1"
"MAHOUT-1402","2014-01-22","2014-01-22","0"
"MAHOUT-829","2011-10-06","2011-10-06","0"
"MAHOUT-172","2009-09-04","2009-09-14","10"
"MAHOUT-1238","2013-06-03","2013-06-03","0"
"MAHOUT-985","2012-02-25","2012-06-22","118"
"MAHOUT-26","2008-04-06","2008-04-11","5"
"MAHOUT-666","2011-04-12","2011-04-15","3"
"MAHOUT-1662","2015-03-30","2015-04-04","5"
"MAHOUT-1392","2014-01-09","2014-01-09","0"
"MAHOUT-177","2009-09-13","2009-10-06","23"
"MAHOUT-1455","2014-03-13","2014-03-13","0"
"MAHOUT-443","2010-07-21","2010-09-24","65"
"MAHOUT-1409","2014-01-24","2014-01-24","0"
"MAHOUT-1667","2015-04-01","2015-04-04","3"
"MAHOUT-1389","2013-12-30","2013-12-30","0"
"MAHOUT-1357","2013-11-15","2013-11-15","0"
"MAHOUT-1465","2014-03-16","2014-03-17","1"
"MAHOUT-1306","2013-08-08","2013-09-16","39"
"MAHOUT-900","2011-11-28","2011-11-28","0"
"MAHOUT-1144","2013-01-31","2013-03-11","39"
"MAHOUT-141","2009-06-29","2009-12-12","166"
"MAHOUT-1503","2014-04-02","2014-04-15","13"
"MAHOUT-1501","2014-04-01","2014-04-05","4"
"MAHOUT-81","2008-10-10","2008-10-10","0"
"MAHOUT-1581","2014-06-14","2014-07-15","31"
"MAHOUT-819","2011-09-27","2011-09-27","0"
"MAHOUT-1150","2013-02-27","2013-03-11","12"
"MAHOUT-1247","2013-06-09","2013-06-09","0"
"MAHOUT-1624","2014-10-30","2015-03-28","149"
"MAHOUT-1577","2014-06-09","2014-06-09","0"
"MAHOUT-1379","2013-12-15","2013-12-15","0"
"MAHOUT-421","2010-06-22","2010-06-22","0"
"MAHOUT-181","2009-09-30","2009-10-14","14"
"MAHOUT-903","2011-11-29","2011-12-02","3"
"MAHOUT-410","2010-06-07","2010-06-07","0"
"MAHOUT-1","2008-01-30","2008-01-30","0"
"MAHOUT-1367","2013-11-29","2013-12-01","2"
"MAHOUT-1494","2014-03-28","2014-04-09","12"
"MAHOUT-1164","2013-03-15","2013-06-09","86"
"MAHOUT-813","2011-09-18","2011-09-18","0"
"MAHOUT-638","2011-03-28","2011-04-19","22"
"MAHOUT-129","2009-05-29","2009-05-29","0"
"MAHOUT-406","2010-05-31","2010-05-31","0"
"MAHOUT-849","2011-10-22","2011-10-22","0"
"MAHOUT-194","2009-11-02","2009-11-02","0"
"MAHOUT-1108","2012-10-31","2013-06-02","214"
"MAHOUT-1016","2012-05-18","2012-06-13","26"
"MAHOUT-91","2008-10-31","2008-10-31","0"
"MAHOUT-954","2012-01-24","2012-06-22","150"
"MAHOUT-780","2011-08-01","2011-08-03","2"
"MAHOUT-1536","2014-05-01","2014-06-22","52"
"MAHOUT-75","2008-08-20","2008-08-21","1"
"MAHOUT-1132","2012-12-30","2013-06-01","153"
"MAHOUT-788","2011-08-16","2011-08-17","1"
"MAHOUT-1497","2014-03-28","2014-04-18","21"
"MAHOUT-526","2010-10-16","2010-11-01","16"
"MAHOUT-999","2012-04-09","2012-04-11","2"
"MAHOUT-1131","2012-12-30","2013-03-12","72"
"MAHOUT-409","2010-06-03","2010-06-05","2"
"MAHOUT-1467","2014-03-17","2014-03-18","1"
"MAHOUT-495","2010-09-01","2010-09-21","20"
"MAHOUT-490","2010-08-28","2010-09-24","27"
"MAHOUT-152","2009-07-27","2009-07-27","0"
"MAHOUT-1287","2013-07-18","2013-07-27","9"
"MAHOUT-1439","2014-03-08","2014-06-27","111"
"MAHOUT-1555","2014-05-21","2014-05-26","5"
"MAHOUT-1116","2012-11-16","2012-11-16","0"
"MAHOUT-438","2010-07-11","2010-07-11","0"
"MAHOUT-1023","2012-06-03","2012-06-03","0"
"MAHOUT-380","2010-04-16","2010-04-16","0"
"MAHOUT-469","2010-08-12","2010-08-12","0"
"MAHOUT-1619","2014-10-07","2015-03-31","175"
"MAHOUT-1210","2013-05-11","2013-06-01","21"
"MAHOUT-1215","2013-05-16","2013-05-16","0"
"MAHOUT-911","2011-12-03","2012-06-04","184"
"MAHOUT-504","2010-09-20","2010-09-30","10"
"MAHOUT-1597","2014-07-22","2014-07-28","6"
"MAHOUT-871","2011-11-04","2011-11-28","24"
"MAHOUT-584","2011-01-13","2011-01-18","5"
"MAHOUT-428","2010-06-23","2010-07-06","13"
"MAHOUT-806","2011-09-12","2011-09-13","1"
"MAHOUT-434","2010-07-05","2010-07-05","0"
"MAHOUT-1029","2012-06-06","2012-06-22","16"
"MAHOUT-1141","2013-01-16","2013-03-12","55"
"MAHOUT-513","2010-09-28","2010-09-30","2"
"MAHOUT-1221","2013-05-20","2013-05-20","0"
"MAHOUT-1213","2013-05-15","2013-05-26","11"
"MAHOUT-1240","2013-06-04","2013-06-04","0"
"MAHOUT-1092","2012-10-08","2013-06-01","236"
"MAHOUT-961","2012-01-26","2013-06-06","497"
"MAHOUT-1125","2012-12-08","2013-01-17","40"
"MAHOUT-1070","2012-09-19","2013-06-01","255"
"MAHOUT-452","2010-07-28","2010-08-03","6"
"MAHOUT-477","2010-08-13","2010-08-13","0"
"MAHOUT-600","2011-01-29","2011-01-31","2"
"MAHOUT-1201","2013-04-30","2013-06-01","32"
"MAHOUT-118","2009-04-16","2009-04-19","3"
"MAHOUT-269","2010-01-27","2010-01-28","1"
"MAHOUT-1198","2013-04-29","2013-06-01","33"
"MAHOUT-1261","2013-06-13","2013-11-28","168"
"MAHOUT-1635","2014-12-18","2015-04-04","107"
"MAHOUT-1197","2013-04-24","2013-04-26","2"
"MAHOUT-814","2011-09-18","2011-09-27","9"
"MAHOUT-1146","2013-02-03","2013-03-11","36"
"MAHOUT-414","2010-06-13","2010-09-30","109"
"MAHOUT-112","2009-03-30","2009-04-07","8"
"MAHOUT-1517","2014-04-18","2014-04-19","1"
"MAHOUT-1690","2015-04-14","2015-05-31","47"
"MAHOUT-290","2010-02-13","2010-02-13","0"
"MAHOUT-1498","2014-03-30","2014-05-18","49"
"MAHOUT-203","2009-11-19","2010-01-03","45"
"MAHOUT-971","2012-02-03","2012-02-07","4"
"MAHOUT-367","2010-04-07","2010-04-07","0"
"MAHOUT-1086","2012-09-29","2012-10-11","12"
"MAHOUT-1415","2014-02-11","2014-02-11","0"
"MAHOUT-850","2011-10-25","2011-10-25","0"
"MAHOUT-378","2010-04-13","2010-09-24","164"
"MAHOUT-807","2011-09-13","2011-09-14","1"
"MAHOUT-1149","2013-02-10","2013-03-01","19"
"MAHOUT-1142","2013-01-18","2013-01-22","4"
"MAHOUT-569","2010-12-28","2011-01-17","20"
"MAHOUT-601","2011-01-30","2011-01-30","0"
"MAHOUT-1595","2014-07-09","2014-08-28","50"
"MAHOUT-1548","2014-05-06","2014-05-06","0"
"MAHOUT-273","2010-02-03","2010-02-03","0"
"MAHOUT-488","2010-08-27","2010-08-27","0"
"MAHOUT-1428","2014-03-02","2014-05-06","65"
"MAHOUT-955","2012-01-24","2012-06-04","132"
"MAHOUT-187","2009-10-16","2009-10-19","3"
"MAHOUT-856","2011-11-01","2011-11-01","0"
"MAHOUT-723","2011-06-05","2011-06-05","0"
"MAHOUT-1314","2013-08-18","2013-11-18","92"
"MAHOUT-1491","2014-03-26","2014-03-27","1"
"MAHOUT-692","2011-05-10","2011-06-04","25"
"MAHOUT-1496","2014-03-28","2014-04-20","23"
"MAHOUT-1118","2012-11-18","2012-11-19","1"
"MAHOUT-402","2010-05-28","2011-01-19","236"
"MAHOUT-828","2011-10-06","2011-10-06","0"
"MAHOUT-470","2010-08-13","2010-08-13","0"
"MAHOUT-616","2011-03-06","2011-03-20","14"
"MAHOUT-276","2010-02-07","2010-02-08","1"
"MAHOUT-1572","2014-06-04","2014-06-10","6"
"MAHOUT-516","2010-09-30","2011-01-18","110"
"MAHOUT-886","2011-11-14","2011-11-15","1"
"MAHOUT-587","2011-01-21","2011-01-24","3"
"MAHOUT-678","2011-04-22","2011-08-21","121"
"MAHOUT-1105","2012-10-25","2013-01-17","84"
"MAHOUT-1304","2013-08-07","2014-01-15","161"
"MAHOUT-1276","2013-07-09","2013-11-20","134"
"MAHOUT-1340","2013-09-23","2013-09-24","1"
"MAHOUT-1427","2014-03-01","2014-07-15","136"
"MAHOUT-431","2010-06-28","2010-06-30","2"
"MAHOUT-1180","2013-03-29","2013-05-03","35"
"MAHOUT-701","2011-05-18","2011-10-15","150"
"MAHOUT-230","2009-12-27","2009-12-31","4"
"MAHOUT-1119","2012-11-22","2013-03-11","109"
"MAHOUT-386","2010-04-27","2010-04-27","0"
"MAHOUT-1417","2014-02-13","2014-02-16","3"
"MAHOUT-594","2011-01-25","2011-01-26","1"
"MAHOUT-1006","2012-05-03","2012-06-04","32"
"MAHOUT-1707","2015-05-13","2015-05-22","9"
"MAHOUT-614","2011-02-21","2011-02-22","1"
"MAHOUT-1419","2014-02-18","2014-02-25","7"
"MAHOUT-1488","2014-03-26","2014-03-26","0"
"MAHOUT-515","2010-09-30","2010-10-03","3"
"MAHOUT-491","2010-08-29","2010-08-29","0"
"MAHOUT-756","2011-07-10","2011-07-12","2"
"MAHOUT-1293","2013-07-26","2013-11-21","118"
"MAHOUT-946","2012-01-15","2012-02-08","24"
"MAHOUT-1390","2014-01-02","2014-01-03","1"
"MAHOUT-820","2011-09-27","2011-09-27","0"
"MAHOUT-1335","2013-09-17","2013-09-17","0"
"MAHOUT-1320","2013-08-29","2013-09-17","19"
"MAHOUT-1586","2014-06-19","2015-04-02","287"
"MAHOUT-566","2010-12-17","2011-01-21","35"
"MAHOUT-1308","2013-08-09","2013-11-22","105"
"MAHOUT-528","2010-10-17","2010-10-17","0"
"MAHOUT-956","2012-01-24","2012-01-27","3"
"MAHOUT-183","2009-10-01","2009-10-05","4"
"MAHOUT-893","2011-11-23","2011-11-23","0"
"MAHOUT-1602","2014-08-04","2015-03-31","239"
"MAHOUT-392","2010-05-08","2010-05-26","18"
"MAHOUT-114","2009-04-07","2009-10-19","195"
"MAHOUT-1292","2013-07-25","2013-11-16","114"
"MAHOUT-1269","2013-06-25","2013-06-25","0"
"MAHOUT-581","2011-01-10","2011-01-10","0"
"MAHOUT-454","2010-07-30","2010-07-31","1"
"MAHOUT-67","2008-07-08","2009-12-06","516"
"MAHOUT-679","2011-04-22","2011-04-22","0"
"MAHOUT-1145","2013-01-31","2013-02-01","1"
"MAHOUT-1030","2012-06-09","2013-12-08","547"
"MAHOUT-1268","2013-06-25","2013-06-25","0"
"MAHOUT-561","2010-12-11","2011-01-16","36"
"MAHOUT-1537","2014-05-01","2014-05-02","1"
"MAHOUT-1337","2013-09-17","2013-09-17","0"
"MAHOUT-1047","2012-07-20","2013-06-01","316"
"MAHOUT-1232","2013-05-29","2013-05-29","0"
"MAHOUT-786","2011-08-14","2011-08-17","3"
"MAHOUT-1148","2013-02-04","2013-02-05","1"
"MAHOUT-324","2010-03-09","2010-03-09","0"
"MAHOUT-591","2011-01-24","2011-02-03","10"
"MAHOUT-1139","2013-01-11","2013-06-01","141"
"MAHOUT-436","2010-07-10","2010-07-11","1"
"MAHOUT-405","2010-05-30","2010-06-02","3"
"MAHOUT-967","2012-01-31","2012-02-07","7"
"MAHOUT-717","2011-06-01","2011-06-05","4"
"MAHOUT-1458","2014-03-13","2014-03-13","0"
"MAHOUT-211","2009-12-01","2010-01-21","51"
"MAHOUT-1383","2013-12-19","2013-12-20","1"
"MAHOUT-1091","2012-10-08","2012-10-11","3"
"MAHOUT-602","2011-01-31","2011-02-04","4"
"MAHOUT-694","2011-05-12","2011-05-23","11"
"MAHOUT-647","2011-03-31","2011-03-31","0"
"MAHOUT-1046","2012-07-14","2012-07-14","0"
"MAHOUT-96","2008-11-11","2008-11-12","1"
"MAHOUT-1237","2013-06-02","2013-06-02","0"
"MAHOUT-646","2011-03-31","2011-04-03","3"
"MAHOUT-1062","2012-08-28","2013-01-18","143"
"MAHOUT-564","2010-12-12","2011-01-10","29"
"MAHOUT-464","2010-08-11","2010-10-14","64"
"MAHOUT-1229","2013-05-27","2013-05-27","0"
"MAHOUT-1326","2013-09-04","2014-01-23","141"
"MAHOUT-1660","2015-03-28","2015-06-17","81"
"MAHOUT-80","2008-10-10","2008-10-11","1"
"MAHOUT-1073","2012-09-21","2012-10-08","17"
"MAHOUT-1622","2014-10-16","2015-04-05","171"
"MAHOUT-738","2011-06-21","2011-06-22","1"
"MAHOUT-486","2010-08-23","2010-08-23","0"
"MAHOUT-439","2010-07-11","2010-07-11","0"
"MAHOUT-912","2011-12-03","2011-12-04","1"
"MAHOUT-144","2009-07-11","2009-12-06","148"
"MAHOUT-1191","2013-04-15","2013-04-18","3"
"MAHOUT-1083","2012-09-27","2012-09-28","1"
"MAHOUT-565","2010-12-16","2010-12-16","0"
"MAHOUT-1561","2014-05-24","2014-05-24","0"
"MAHOUT-1696","2015-04-24","2015-04-24","0"
"MAHOUT-546","2010-11-16","2011-06-26","222"
"MAHOUT-1068","2012-09-17","2012-09-17","0"
"MAHOUT-1031","2012-06-09","2013-03-11","275"
"MAHOUT-159","2009-08-04","2009-09-01","28"
"MAHOUT-685","2011-04-29","2011-05-06","7"
"MAHOUT-1138","2013-01-11","2013-01-11","0"
"MAHOUT-1336","2013-09-17","2013-09-17","0"
"MAHOUT-583","2011-01-13","2011-01-17","4"
"MAHOUT-1571","2014-06-04","2014-06-10","6"
"MAHOUT-1246","2013-06-08","2013-06-08","0"
"MAHOUT-641","2011-03-29","2011-03-31","2"
"MAHOUT-92","2008-10-31","2008-11-08","8"
"MAHOUT-1380","2013-12-15","2013-12-15","0"
"MAHOUT-444","2010-07-22","2010-09-24","64"
"MAHOUT-1665","2015-03-31","2015-04-08","8"
"MAHOUT-1457","2014-03-13","2014-03-13","0"
"MAHOUT-1617","2014-09-29","2015-04-03","186"
"MAHOUT-361","2010-04-02","2010-05-28","56"
"MAHOUT-1502","2014-04-02","2014-05-01","29"
"MAHOUT-1381","2013-12-16","2013-12-18","2"
"MAHOUT-1028","2012-06-05","2012-06-09","4"
"MAHOUT-689","2011-05-06","2011-05-06","0"
"MAHOUT-915","2011-12-06","2012-02-09","65"
"MAHOUT-207","2009-11-23","2010-01-21","59"
"MAHOUT-1171","2013-03-24","2013-03-24","0"
"MAHOUT-413","2010-06-11","2010-06-11","0"
"MAHOUT-22","2008-03-31","2008-04-04","4"
"MAHOUT-235","2009-12-31","2010-01-05","5"
"MAHOUT-481","2010-08-16","2010-08-16","0"
"MAHOUT-511","2010-09-22","2010-09-22","0"
"MAHOUT-1385","2013-12-20","2014-05-18","149"
"MAHOUT-339","2010-03-17","2010-04-02","16"
"MAHOUT-1103","2012-10-22","2013-06-09","230"
"MAHOUT-448","2010-07-24","2010-07-24","0"
"MAHOUT-25","2008-04-05","2008-04-19","14"
"MAHOUT-1045","2012-07-11","2013-06-01","325"
"MAHOUT-1312","2013-08-12","2013-11-30","110"
"MAHOUT-1072","2012-09-21","2012-10-08","17"
"MAHOUT-1630","2014-11-25","2015-04-08","134"
"MAHOUT-1098","2012-10-11","2013-06-09","241"
"MAHOUT-745","2011-06-28","2011-06-28","0"
"MAHOUT-113","2009-03-30","2009-10-11","195"
"MAHOUT-1576","2014-06-09","2014-06-09","0"
"MAHOUT-1560","2014-05-23","2014-05-24","1"
"MAHOUT-885","2011-11-14","2011-11-14","0"
"MAHOUT-1508","2014-04-11","2014-04-12","1"
"MAHOUT-455","2010-08-05","2010-08-10","5"
"MAHOUT-1189","2013-04-09","2013-05-03","24"
"MAHOUT-355","2010-03-31","2010-04-01","1"
"MAHOUT-426","2010-06-23","2010-07-08","15"
"MAHOUT-1611","2014-08-28","2014-11-09","73"
"MAHOUT-659","2011-04-08","2011-04-08","0"
"MAHOUT-1061","2012-08-28","2013-03-11","195"
"MAHOUT-369","2010-04-07","2011-04-05","363"
"MAHOUT-1263","2013-06-14","2013-06-15","1"
"MAHOUT-1410","2014-01-24","2014-01-26","2"
"MAHOUT-1636","2014-12-23","2015-03-27","94"
"MAHOUT-1325","2013-09-04","2013-11-13","70"
"MAHOUT-1587","2014-06-22","2014-08-15","54"
"MAHOUT-1349","2013-11-01","2013-12-08","37"
"MAHOUT-1093","2012-10-09","2013-03-11","153"
"MAHOUT-401","2010-05-27","2010-09-27","123"
"MAHOUT-1111","2012-11-10","2013-03-11","121"
"MAHOUT-919","2011-12-09","2011-12-09","0"
"MAHOUT-482","2010-08-18","2010-08-18","0"
"MAHOUT-326","2010-03-11","2010-07-31","142"
"MAHOUT-1674","2015-04-05","2015-04-07","2"
"MAHOUT-11","2008-03-06","2009-12-10","644"
"MAHOUT-1163","2013-03-14","2013-06-09","87"
"MAHOUT-547","2010-11-16","2010-12-01","15"
"MAHOUT-1207","2013-05-09","2013-05-12","3"
"MAHOUT-1302","2013-08-05","2013-09-06","32"
"MAHOUT-775","2011-07-26","2013-06-01","676"
"MAHOUT-212","2009-12-07","2009-12-10","3"
"MAHOUT-1639","2015-01-27","2015-03-25","57"
"MAHOUT-557","2010-11-30","2010-12-12","12"
"MAHOUT-208","2009-11-24","2010-01-28","65"
"MAHOUT-1697","2015-04-26","2015-04-26","0"
"MAHOUT-642","2011-03-30","2011-03-30","0"
"MAHOUT-353","2010-03-30","2010-04-01","2"
"MAHOUT-289","2010-02-12","2010-02-12","0"
"MAHOUT-1044","2012-07-11","2012-07-11","0"
"MAHOUT-1270","2013-06-27","2013-06-27","0"
"MAHOUT-447","2010-07-23","2010-07-27","4"
"MAHOUT-268","2010-01-27","2010-01-28","1"
"MAHOUT-1593","2014-07-09","2015-04-03","268"
"MAHOUT-660","2011-04-08","2011-04-08","0"
"MAHOUT-498","2010-09-08","2010-10-15","37"
"MAHOUT-1596","2014-07-16","2014-07-29","13"
"MAHOUT-1563","2014-05-27","2015-03-29","306"
"MAHOUT-625","2011-03-11","2011-05-21","71"
"MAHOUT-430","2010-06-28","2010-06-29","1"
"MAHOUT-861","2011-11-02","2011-11-02","0"
"MAHOUT-1241","2013-06-04","2013-06-08","4"
"MAHOUT-630","2011-03-22","2011-03-22","0"
"MAHOUT-457","2010-08-05","2010-08-10","5"
"MAHOUT-1395","2014-01-14","2014-01-20","6"
"MAHOUT-1200","2013-04-30","2013-06-01","32"
"MAHOUT-523","2010-10-08","2010-10-08","0"
"MAHOUT-805","2011-09-12","2011-09-13","1"
"MAHOUT-939","2012-01-03","2012-06-08","157"
"MAHOUT-193","2009-10-29","2009-12-12","44"
"MAHOUT-1217","2013-05-16","2013-05-20","4"
"MAHOUT-344","2010-03-22","2010-10-01","193"
"MAHOUT-1100","2012-10-12","2012-10-12","0"
"MAHOUT-1284","2013-07-12","2013-07-29","17"
"MAHOUT-624","2011-03-11","2011-03-11","0"
"MAHOUT-1332","2013-09-13","2013-09-13","0"
"MAHOUT-754","2011-07-04","2011-07-04","0"
"MAHOUT-1315","2013-08-18","2013-08-18","0"
"MAHOUT-973","2012-02-06","2012-04-06","60"
"MAHOUT-1552","2014-05-19","2015-03-27","312"
"MAHOUT-589","2011-01-23","2011-01-25","2"
"MAHOUT-842","2011-10-15","2011-10-15","0"
"MAHOUT-1223","2013-05-20","2013-05-21","1"
"MAHOUT-839","2011-10-11","2011-10-24","13"
"MAHOUT-936","2011-12-23","2011-12-23","0"
"MAHOUT-1259","2013-06-13","2013-06-13","0"
"MAHOUT-1366","2013-11-26","2014-02-03","69"
"MAHOUT-1136","2013-01-05","2013-01-09","4"
"MAHOUT-1003","2012-04-27","2012-06-22","56"
"MAHOUT-962","2012-01-27","2013-06-02","492"
"MAHOUT-48","2008-04-19","2008-04-23","4"
"MAHOUT-1127","2012-12-15","2012-12-15","0"
"MAHOUT-802","2011-09-07","2011-09-27","20"
"MAHOUT-793","2011-08-21","2011-08-22","1"
"MAHOUT-247","2010-01-14","2010-01-15","1"
"MAHOUT-128","2009-05-29","2009-06-04","6"
"MAHOUT-1466","2014-03-17","2014-03-17","0"
"MAHOUT-832","2011-10-09","2012-06-22","257"
"MAHOUT-497","2010-09-08","2010-09-08","0"
"MAHOUT-1301","2013-08-01","2013-08-01","0"
"MAHOUT-360","2010-04-02","2010-04-02","0"
"MAHOUT-958","2012-01-25","2013-06-07","499"
"MAHOUT-1290","2013-07-25","2013-07-26","1"
"MAHOUT-1185","2013-04-02","2013-04-02","0"
"MAHOUT-957","2012-01-25","2012-01-29","4"
"MAHOUT-1522","2014-04-22","2015-03-31","343"
"MAHOUT-1271","2013-06-28","2013-06-28","0"
"MAHOUT-1610","2014-08-27","2014-08-28","1"
"MAHOUT-1411","2014-01-28","2014-01-28","0"
"MAHOUT-1729","2015-06-02","2015-06-17","15"
"MAHOUT-359","2010-04-02","2010-04-27","25"
"MAHOUT-1492","2014-03-27","2014-03-27","0"
"MAHOUT-1005","2012-05-01","2012-05-05","4"
"MAHOUT-552","2010-11-24","2011-04-10","137"
"MAHOUT-1188","2013-04-09","2013-04-09","0"
"MAHOUT-799","2011-09-02","2011-09-28","26"
"MAHOUT-1441","2014-03-09","2014-05-07","59"
"MAHOUT-266","2010-01-25","2010-01-25","0"
"MAHOUT-894","2011-11-24","2011-11-28","4"
"MAHOUT-1400","2014-01-21","2014-01-21","0"
"MAHOUT-1209","2013-05-11","2013-05-12","1"
"MAHOUT-191","2009-10-28","2009-12-07","40"
"MAHOUT-347","2010-03-26","2010-03-26","0"
"MAHOUT-465","2010-08-12","2010-08-13","1"
"MAHOUT-1017","2012-05-18","2012-06-12","25"
"MAHOUT-755","2011-07-06","2011-07-06","0"
"MAHOUT-1064","2012-09-03","2013-03-12","190"
"MAHOUT-1589","2014-06-28","2015-04-01","277"
"MAHOUT-1505","2014-04-02","2014-05-31","59"
"MAHOUT-1693","2015-04-21","2015-04-22","1"
"MAHOUT-489","2010-08-27","2010-09-24","28"
"MAHOUT-424","2010-06-22","2010-07-31","39"
"MAHOUT-795","2011-08-22","2011-09-07","16"
"MAHOUT-844","2011-10-17","2011-10-17","0"
"MAHOUT-267","2010-01-27","2010-01-28","1"
"MAHOUT-890","2011-11-20","2012-01-17","58"
"MAHOUT-453","2010-07-28","2010-09-24","58"
"MAHOUT-1077","2012-09-25","2013-01-18","115"
"MAHOUT-632","2011-03-22","2011-06-22","92"
"MAHOUT-101","2008-12-03","2008-12-03","0"
"MAHOUT-545","2010-11-15","2010-12-30","45"
"MAHOUT-1082","2012-09-26","2013-03-12","167"
"MAHOUT-1196","2013-04-22","2013-06-02","41"
"MAHOUT-408","2010-06-02","2010-06-03","1"
"MAHOUT-585","2011-01-16","2011-01-17","1"
"MAHOUT-1038","2012-07-04","2012-07-04","0"
"MAHOUT-377","2010-04-12","2010-05-27","45"
"MAHOUT-1109","2012-11-01","2012-11-01","0"
"MAHOUT-1516","2014-04-17","2015-03-30","347"
"MAHOUT-889","2011-11-17","2012-06-22","218"
"MAHOUT-1011","2012-05-10","2012-05-10","0"
"MAHOUT-1039","2012-07-04","2012-07-04","0"
"MAHOUT-808","2011-09-14","2011-09-14","0"
"MAHOUT-882","2011-11-12","2011-11-12","0"
"MAHOUT-801","2011-09-07","2011-09-12","5"
"MAHOUT-774","2011-07-25","2011-07-25","0"
"MAHOUT-907","2011-12-02","2011-12-02","0"
"MAHOUT-1313","2013-08-13","2013-08-13","0"
"MAHOUT-604","2011-02-02","2011-02-15","13"
"MAHOUT-461","2010-08-08","2010-08-29","21"
"MAHOUT-993","2012-03-14","2013-06-02","445"
"MAHOUT-1033","2012-06-19","2012-06-22","3"
"MAHOUT-727","2011-06-09","2011-07-23","44"
"MAHOUT-855","2011-10-31","2011-10-31","0"
"MAHOUT-762","2011-07-14","2011-07-14","0"
"MAHOUT-1157","2013-03-08","2013-03-11","3"
"MAHOUT-669","2011-04-13","2011-04-14","1"
"MAHOUT-1590","2014-06-28","2015-03-26","271"
"MAHOUT-1615","2014-09-13","2014-10-10","27"
"MAHOUT-272","2010-02-02","2010-02-05","3"
"MAHOUT-281","2010-02-08","2010-02-12","4"
"MAHOUT-1523","2014-04-22","2014-04-27","5"
"MAHOUT-1097","2012-10-11","2012-10-11","0"
